median_income,Type,shops_per_1000
79722,Starbucks,0.0
70571,Starbucks,0.0
121607,Starbucks,0.184535892231039
114769,Starbucks,0.0
72042,Starbucks,0.0
126840,Starbucks,0.0
103542,Starbucks,0.0
101118,Starbucks,0.0
89934,Starbucks,0.0
90703,Starbucks,0.0
82361,Starbucks,0.0
70308,Starbucks,0.0
94340,Starbucks,0.226757369614512
75967,Starbucks,0.0
49067,Starbucks,0.0
77441,Starbucks,0.0
71116,Starbucks,0.0
36619,Starbucks,0.0
42487,Starbucks,0.0
29688,Starbucks,0.0
40424,Starbucks,0.0
63603,Starbucks,0.0
31969,Starbucks,0.0
58618,Starbucks,0.148389968838107
85152,Starbucks,0.0
85326,Starbucks,0.0
84423,Starbucks,0.0
87596,Starbucks,0.0
87962,Starbucks,0.0
60380,Starbucks,0.0
54133,Starbucks,0.0
113658,Starbucks,0.0
84757,Starbucks,0.0
72250,Starbucks,0.20165355918532
61855,Starbucks,0.0
75587,Starbucks,0.0
71007,Starbucks,0.0
32396,Starbucks,0.0
56402,Starbucks,0.0
47882,Starbucks,0.0
78488,Starbucks,0.0
63586,Starbucks,0.0
85152,Starbucks,0.0
68705,Starbucks,0.0
78047,Starbucks,0.0
88956,Starbucks,0.0
41057,Starbucks,0.0
23275,Starbucks,0.0
33715,Starbucks,0.0
31941,Starbucks,0.0
31375,Starbucks,0.0
32676,Starbucks,0.0
52525,Starbucks,0.0
37940,Starbucks,0.0
25247,Starbucks,0.0
18337,Starbucks,0.0
14540,Starbucks,0.0
28362,Starbucks,0.0
22547,Starbucks,0.0
25347,Starbucks,0.0
30368,Starbucks,0.0
51220,Starbucks,0.0
49375,Starbucks,0.0
45560,Starbucks,0.0
30069,Starbucks,0.0
29375,Starbucks,0.0
38906,Starbucks,0.0
41171,Starbucks,0.0
75083,Starbucks,0.0
41958,Starbucks,0.0
64130,Starbucks,0.0
80536,Starbucks,0.0
86442,Starbucks,0.0
57790,Starbucks,0.0
71553,Starbucks,0.0
74826,Starbucks,0.0
84113,Starbucks,0.169319336268202
74904,Starbucks,0.0
90417,Starbucks,0.0
93750,Starbucks,0.0
65944,Starbucks,0.0
45735,Starbucks,0.0
48138,Starbucks,0.0
45128,Starbucks,0.0
50034,Starbucks,0.0
37832,Starbucks,0.0
38497,Starbucks,0.0
22688,Starbucks,0.0
34844,Starbucks,0.0
26492,Starbucks,0.0
21775,Starbucks,0.0
39750,Starbucks,0.0
57632,Starbucks,0.0
23477,Starbucks,0.0
32765,Starbucks,0.0
26989,Starbucks,0.0
38970,Starbucks,0.0
34902,Starbucks,0.0
50709,Starbucks,0.0
20845,Starbucks,0.0
13750,Starbucks,0.0
27772,Starbucks,0.0
33841,Starbucks,0.0
48636,Starbucks,0.0
63897,Starbucks,0.0
36159,Starbucks,0.0
25313,Starbucks,0.0
26623,Starbucks,0.0
26802,Starbucks,0.0
22704,Starbucks,0.0
55200,Starbucks,0.0
57270,Starbucks,0.160128102481986
84630,Starbucks,0.0
57337,Starbucks,0.0
77917,Starbucks,0.0
61538,Starbucks,0.0
93934,Starbucks,0.0
83393,Starbucks,0.0
62135,Starbucks,0.0
69942,Starbucks,0.0
38958,Starbucks,0.0
60153,Starbucks,0.0
67588,Starbucks,0.0
78319,Starbucks,0.0
135976,Starbucks,0.0
65083,Starbucks,0.0
107353,Starbucks,0.0
71447,Starbucks,0.17247326664367
128095,Starbucks,0.0
118482,Starbucks,0.0
99848,Starbucks,0.0
81520,Starbucks,0.236854571293226
84583,Starbucks,0.0
57443,Starbucks,0.0
71698,Starbucks,0.0
44222,Starbucks,0.193798449612403
41659,Starbucks,0.0
65000,Starbucks,0.0
71556,Starbucks,0.0
52292,Starbucks,0.0
53325,Starbucks,0.0
63333,Starbucks,0.0
82353,Starbucks,0.0
59441,Starbucks,0.0
87159,Starbucks,0.0
96905,Starbucks,0.0
48772,Starbucks,0.0
36830,Starbucks,0.0
70143,Starbucks,0.0
54132,Starbucks,0.0
61310,Starbucks,0.0
35060,Starbucks,0.0
25298,Starbucks,0.0
36934,Starbucks,0.0
53462,Starbucks,0.0
54171,Starbucks,0.0
44938,Starbucks,0.0
42542,Starbucks,0.0
35493,Starbucks,0.0
21038,Starbucks,0.0
26589,Starbucks,0.0
19708,Starbucks,0.0
37284,Starbucks,0.0
26092,Starbucks,0.34106412005457
80357,Starbucks,0.0
71538,Starbucks,0.0
71231,Starbucks,0.0
75547,Starbucks,0.137042620254899
89000,Starbucks,0.16417665407979
108867,Starbucks,0.159464200287036
121127,Starbucks,0.0
89914,Starbucks,0.0
100298,Starbucks,0.0
54012,Starbucks,0.243042897071333
71150,Starbucks,0.0
82509,Starbucks,0.0
57431,Starbucks,0.0
48006,Starbucks,0.0
33458,Starbucks,0.0
59844,Starbucks,0.0
65761,Starbucks,0.0
67194,Starbucks,0.0
93984,Starbucks,0.0
76906,Starbucks,0.0
79879,Starbucks,0.0
105646,Starbucks,0.0
127813,Starbucks,0.0
121157,Starbucks,0.0
119688,Starbucks,0.0
100559,Starbucks,0.0
116875,Starbucks,0.0
90677,Starbucks,0.13024225058609
69702,Starbucks,0.0
95000,Starbucks,0.289519397799653
55242,Starbucks,0.0
53301,Starbucks,0.0
71675,Starbucks,0.0
92191,Starbucks,0.0
89313,Starbucks,0.0
75270,Starbucks,0.0
60250,Starbucks,0.0
86424,Starbucks,0.0
67670,Starbucks,0.0
50026,Starbucks,0.0
35594,Starbucks,0.0
44115,Starbucks,0.0
44360,Starbucks,0.0
79196,Starbucks,0.0
84509,Starbucks,0.0
69357,Starbucks,0.0
89185,Starbucks,0.0
64080,Starbucks,0.0
59571,Starbucks,0.0
101167,Starbucks,0.0
17269,Starbucks,0.0
58500,Starbucks,0.0
39125,Starbucks,0.0
20146,Starbucks,0.0
34422,Starbucks,0.0
53269,Starbucks,0.0
33333,Starbucks,0.0
34111,Starbucks,0.0
23587,Starbucks,0.0
26696,Starbucks,0.0
17785,Starbucks,0.0
19020,Starbucks,0.0
26605,Starbucks,0.0
33667,Starbucks,0.0
34060,Starbucks,0.0
29815,Starbucks,0.0
42609,Starbucks,0.0
67294,Starbucks,0.0
62083,Starbucks,0.0
109470,Starbucks,0.0
76786,Starbucks,0.0
93393,Starbucks,0.0
41835,Starbucks,0.0
40463,Starbucks,0.0
70395,Starbucks,0.0
63704,Starbucks,0.219298245614035
71780,Starbucks,0.0
96250,Starbucks,0.230096640589047
79805,Starbucks,0.0
69292,Starbucks,0.0
71050,Starbucks,0.0
72371,Starbucks,0.15220700152207
144762,Starbucks,0.0
148245,Starbucks,0.0
149632,Starbucks,0.0
90739,Starbucks,0.0
68906,Starbucks,0.199720391451967
163125,Starbucks,0.0
146643,Starbucks,0.0
126667,Starbucks,0.0
144932,Starbucks,0.0
163750,Starbucks,0.0
33542,Starbucks,0.0
36866,Starbucks,0.0
76031,Starbucks,0.0
93354,Starbucks,0.0
78580,Starbucks,0.258397932816537
90517,Starbucks,0.172980453208787
82892,Starbucks,0.0
49210,Starbucks,0.0
56544,Starbucks,0.0
35871,Starbucks,0.0
53750,Starbucks,0.0
72222,Starbucks,0.0
83188,Starbucks,0.0
67873,Starbucks,0.0
80508,Starbucks,0.0
122969,Starbucks,0.0
92898,Starbucks,0.0
100260,Starbucks,0.0
112218,Starbucks,0.0
90243,Starbucks,0.0
77321,Starbucks,0.0
66442,Starbucks,0.0
70220,Starbucks,0.0
74318,Starbucks,0.0
78894,Starbucks,0.0
127212,Starbucks,0.0
79879,Starbucks,0.0
56786,Starbucks,0.243724104313917
90500,Starbucks,0.0
95827,Starbucks,0.0
85994,Starbucks,0.0
83917,Starbucks,0.0
74006,Starbucks,0.0
96290,Starbucks,0.0
34431,Starbucks,0.0
57953,Starbucks,0.0
45648,Starbucks,0.0
34015,Starbucks,0.0
51651,Starbucks,0.298151460942159
66221,Starbucks,0.0
50083,Starbucks,0.0
37344,Starbucks,0.207813798836243
42841,Starbucks,0.0
43787,Starbucks,0.0
49399,Starbucks,0.0
47888,Starbucks,0.0
61111,Starbucks,0.0
71809,Starbucks,0.0
53004,Starbucks,0.0
37377,Starbucks,0.0
25255,Starbucks,0.0
42426,Starbucks,0.0
46228,Starbucks,0.0
64500,Starbucks,0.220458553791887
57708,Starbucks,0.0
37525,Starbucks,0.0
69583,Starbucks,0.0
71146,Starbucks,0.0
109615,Starbucks,0.0
85905,Starbucks,0.0
74568,Starbucks,0.0
73022,Starbucks,0.0
71136,Starbucks,0.0
79387,Starbucks,0.0
127935,Starbucks,0.0
101389,Starbucks,0.0
87480,Starbucks,0.0
66711,Starbucks,0.0
108295,Starbucks,0.0
99875,Starbucks,0.0
80638,Starbucks,0.0
93798,Starbucks,0.0
96150,Starbucks,0.0
101587,Starbucks,0.0
112426,Starbucks,0.0
74330,Starbucks,0.0
88906,Starbucks,0.0
99863,Starbucks,0.152741713762028
90298,Starbucks,0.0
89241,Starbucks,0.0
128108,Starbucks,0.0
116800,Starbucks,0.0
119075,Starbucks,0.0
86729,Starbucks,0.0
77120,Starbucks,0.354233085370174
69440,Starbucks,0.0
115082,Starbucks,0.0
107000,Starbucks,0.0
148770,Starbucks,0.0
149353,Starbucks,0.244140625
129596,Starbucks,0.186254423542559
114667,Starbucks,0.0
131643,Starbucks,0.13401232913428
79630,Starbucks,0.0
64122,Starbucks,0.0
55455,Starbucks,0.0
94141,Starbucks,0.32916392363397
84010,Starbucks,0.0
66319,Starbucks,0.0
108008,Starbucks,0.0
72529,Starbucks,0.0
63456,Starbucks,0.0
77600,Starbucks,0.0
131500,Starbucks,0.0
104674,Starbucks,0.0
116290,Starbucks,0.2210433244916
67110,Starbucks,0.0
106968,Starbucks,0.0
118005,Starbucks,0.0
79871,Starbucks,0.0
73750,Starbucks,0.0
85240,Starbucks,0.0
116125,Starbucks,0.0
138458,Starbucks,0.0
96161,Starbucks,0.140114894213255
92300,Starbucks,0.292997363023733
91970,Starbucks,0.0
104398,Starbucks,0.191021967526266
115169,Starbucks,0.0
118843,Starbucks,0.0
85442,Starbucks,0.0
95057,Starbucks,0.146886016451234
99926,Starbucks,0.502386335091686
82237,Starbucks,0.0
67639,Starbucks,0.0
77148,Starbucks,0.0
80180,Starbucks,0.0
84449,Starbucks,0.196155355041193
56250,Starbucks,0.0
81694,Starbucks,0.280033604032484
105427,Starbucks,0.141282848262221
102692,Starbucks,0.0
114375,Starbucks,0.0
85909,Starbucks,0.155376009944065
86316,Starbucks,0.0
86205,Starbucks,0.0
73643,Starbucks,0.0
78200,Starbucks,0.0
93269,Starbucks,0.0
80478,Starbucks,0.0
123469,Starbucks,0.0
94912,Starbucks,0.149902563333833
66917,Starbucks,0.0
76370,Starbucks,0.0
84196,Starbucks,0.0
94398,Starbucks,0.0
56528,Starbucks,0.0
69670,Starbucks,0.0
85028,Starbucks,0.0
160370,Starbucks,0.0
89595,Starbucks,0.0
123083,Starbucks,0.0
174464,Starbucks,0.0
168466,Starbucks,0.167000668002672
59775,Starbucks,0.0
99196,Starbucks,0.0
74250,Starbucks,0.0
63227,Starbucks,0.0
75962,Starbucks,0.172413793103448
81250,Starbucks,0.0
62793,Starbucks,0.0
83886,Starbucks,0.209951711106446
61705,Starbucks,0.0
62361,Starbucks,0.0
54700,Starbucks,0.0
98750,Starbucks,0.0
82009,Starbucks,0.0
47017,Starbucks,0.0
53937,Starbucks,0.0
42675,Starbucks,0.0
57126,Starbucks,0.0
59683,Starbucks,0.0
53986,Starbucks,0.0
66750,Starbucks,0.0
36157,Starbucks,0.0
56929,Starbucks,0.0
66180,Starbucks,0.0
49353,Starbucks,0.0
32989,Starbucks,0.0
52542,Starbucks,0.0
55795,Starbucks,0.0
65938,Starbucks,0.0
46164,Starbucks,0.146993973247097
45871,Starbucks,0.0
48493,Starbucks,0.0
76094,Starbucks,0.761614623000762
40825,Starbucks,0.0
68500,Starbucks,0.0
76467,Starbucks,0.0
84688,Starbucks,0.0
92614,Starbucks,0.0
85000,Starbucks,0.0
58226,Starbucks,0.146177459435755
94569,Starbucks,0.0
105000,Starbucks,0.295770482105886
75526,Starbucks,0.134535180949818
74875,Starbucks,0.0
76818,Starbucks,0.0
64216,Starbucks,0.0
57978,Starbucks,0.0
53618,Starbucks,0.0
50508,Starbucks,0.0
49384,Starbucks,0.381970970206264
65711,Starbucks,0.0
102704,Starbucks,0.386996904024768
35862,Starbucks,0.0
83980,Starbucks,0.0
36842,Starbucks,1.001001001001
87852,Starbucks,0.0
59676,Starbucks,0.0
40750,Starbucks,0.0
100125,Starbucks,0.0
79844,Starbucks,0.0
56742,Starbucks,0.287521564117309
70549,Starbucks,0.0
77935,Starbucks,0.212224108658744
71125,Starbucks,0.0
89837,Starbucks,0.301932367149758
70833,Starbucks,0.328083989501312
91801,Starbucks,0.0
89167,Starbucks,0.204290091930541
51955,Starbucks,0.534568781183179
69727,Starbucks,0.0
49915,Starbucks,0.0
69858,Starbucks,0.493461633358006
115000,Starbucks,0.376506024096386
153125,Starbucks,0.0
63940,Starbucks,0.275785990071704
111033,Starbucks,0.0
83458,Starbucks,0.0
82655,Starbucks,0.196927924379677
111094,Starbucks,0.0
106250,Starbucks,0.0
43375,Starbucks,0.0
76742,Starbucks,0.342231348391513
116094,Starbucks,0.0
70132,Starbucks,0.199044585987261
113381,Starbucks,0.0
98961,Starbucks,0.141823854772373
84291,Starbucks,0.0
110816,Starbucks,0.0
79825,Starbucks,0.0
89315,Starbucks,0.0
104306,Starbucks,0.224921277552857
162786,Starbucks,0.0
101719,Starbucks,0.0
118920,Starbucks,0.0
90238,Starbucks,0.421407501053519
69098,Starbucks,0.0
78490,Starbucks,0.0
141071,Starbucks,0.0
147298,Starbucks,0.0
137692,Starbucks,0.0
121336,Starbucks,0.394632991318074
132829,Starbucks,0.0
136637,Starbucks,0.165289256198347
150664,Starbucks,0.0
102356,Starbucks,0.150966183574879
129500,Starbucks,0.0
79063,Starbucks,0.0
143897,Starbucks,0.0
130060,Starbucks,0.169204737732657
118015,Starbucks,0.0
158203,Starbucks,0.0
157500,Starbucks,0.0
96450,Starbucks,0.0
126546,Starbucks,0.0
131774,Starbucks,0.160565189466924
146389,Starbucks,0.0
130134,Starbucks,0.0
77188,Starbucks,0.0
79688,Starbucks,0.0
177107,Starbucks,0.0
165500,Starbucks,0.0
146250,Starbucks,0.220701831825204
104375,Starbucks,0.215470803706098
200278,Starbucks,0.0
155885,Starbucks,0.0
180972,Starbucks,0.0
226181,Starbucks,0.0
85840,Starbucks,0.0
102292,Starbucks,0.0
93333,Starbucks,0.234852043212776
60056,Starbucks,0.0
73482,Starbucks,0.0
55385,Starbucks,0.0
70379,Starbucks,0.0
54667,Starbucks,0.0
59545,Starbucks,0.0
82798,Starbucks,0.0
51364,Starbucks,0.0
76250,Starbucks,0.597371565113501
95320,Starbucks,0.0
91042,Starbucks,0.0
81307,Starbucks,0.0
102538,Starbucks,0.0
95000,Starbucks,0.0
74021,Starbucks,0.380734818199124
87423,Starbucks,0.188679245283019
76821,Starbucks,0.212314225053079
78023,Starbucks,0.0
89063,Starbucks,0.0
89267,Starbucks,0.290107339715695
166375,Starbucks,0.0
176042,Starbucks,0.0
167305,Starbucks,0.271296798697775
98646,Starbucks,0.182915675873422
175370,Starbucks,0.147732309055991
116489,Starbucks,0.189969604863222
85906,Starbucks,0.221631205673759
150806,Starbucks,0.0
184625,Starbucks,0.569638279692395
203380,Starbucks,0.0
128523,Starbucks,0.0
107672,Starbucks,0.0
105990,Starbucks,0.0
123472,Starbucks,0.0
107571,Starbucks,0.204206657137023
107359,Starbucks,0.0
114396,Starbucks,0.0
73750,Starbucks,0.0
82535,Starbucks,0.0
69801,Starbucks,0.0
102434,Starbucks,0.451263537906137
31250,Starbucks,0.0
31580,Starbucks,0.0
61092,Starbucks,0.0
52930,Starbucks,0.0
50738,Starbucks,0.0
46058,Starbucks,0.0
73919,Starbucks,0.246426811237063
71275,Starbucks,0.646412411118294
74741,Starbucks,0.0
84688,Starbucks,0.0
90801,Starbucks,0.0
126272,Starbucks,0.0
110152,Starbucks,0.0
79336,Starbucks,0.0
107607,Starbucks,0.0
56287,Starbucks,0.0
113818,Starbucks,0.0
155564,Starbucks,0.0
106394,Starbucks,0.0
95357,Starbucks,0.0
119964,Starbucks,0.0
103996,Starbucks,0.0
66453,Starbucks,0.0
15848,Starbucks,0.0
62303,Starbucks,0.205212394828648
67762,Starbucks,0.0
115671,Starbucks,0.0
65859,Starbucks,0.0
88860,Starbucks,0.192864030858245
100806,Starbucks,0.0
137688,Starbucks,0.0
92321,Starbucks,0.0
61763,Starbucks,0.24390243902439
72115,Starbucks,0.0
163125,Starbucks,0.211909302818394
125685,Starbucks,0.136017410228509
70057,Starbucks,0.268889486421081
67390,Starbucks,0.0
77500,Starbucks,0.0
101087,Starbucks,0.0
89853,Starbucks,0.0
109695,Starbucks,0.0
155987,Starbucks,0.0
160726,Starbucks,0.0
120000,Starbucks,0.0
105000,Starbucks,0.163265306122449
151005,Starbucks,0.0
185625,Starbucks,0.0
175625,Starbucks,0.199481348493916
184375,Starbucks,0.0
127174,Starbucks,0.278784499581823
137837,Starbucks,0.291247997670016
176250,Starbucks,0.0
130870,Starbucks,0.177462289263531
147440,Starbucks,0.0
96773,Starbucks,0.0
112281,Starbucks,0.1230012300123
100000,Starbucks,0.0
141591,Starbucks,0.0
144292,Starbucks,0.0
89022,Starbucks,0.0
103887,Starbucks,0.0
85523,Starbucks,0.0
93040,Starbucks,0.123228589032656
86125,Starbucks,0.0
88846,Starbucks,0.0
94830,Starbucks,0.0
123974,Starbucks,0.158604282315623
139531,Starbucks,0.0
133625,Starbucks,0.200521355524363
75221,Starbucks,0.166666666666667
65139,Starbucks,0.0
99688,Starbucks,0.0
61892,Starbucks,0.0
99539,Starbucks,0.0
80427,Starbucks,0.0
128980,Starbucks,0.0
155957,Starbucks,0.0
100528,Starbucks,0.0
97143,Starbucks,0.0
70698,Starbucks,0.124146492861577
81810,Starbucks,0.0
118125,Starbucks,0.0
126481,Starbucks,0.0
97500,Starbucks,0.0
105236,Starbucks,0.0
108333,Starbucks,0.0
122130,Starbucks,0.160410651267244
83553,Starbucks,0.0
60589,Starbucks,0.0
85661,Starbucks,0.0
93400,Starbucks,0.0
71589,Starbucks,0.0
65375,Starbucks,0.0
63005,Starbucks,0.0
53750,Starbucks,0.0
51732,Starbucks,0.184604024367731
77667,Starbucks,0.0
76213,Starbucks,0.0
23288,Starbucks,0.0
42593,Starbucks,0.0
55968,Starbucks,0.0
71142,Starbucks,0.149120190873844
80100,Starbucks,0.0
53775,Starbucks,0.0
63778,Starbucks,0.0
61146,Starbucks,0.0
75893,Starbucks,0.0
94826,Starbucks,0.357206644043579
87167,Starbucks,0.0
61339,Starbucks,0.0
81534,Starbucks,0.0
100703,Starbucks,0.0
92560,Starbucks,0.0
80000,Starbucks,0.0
93284,Starbucks,0.0
63119,Starbucks,0.0
50231,Starbucks,0.0
70431,Starbucks,0.0
57151,Starbucks,0.0
62976,Starbucks,0.0
53359,Starbucks,0.0
79041,Starbucks,0.0
87475,Starbucks,0.0
69498,Starbucks,0.141222991102952
95365,Starbucks,0.0
69624,Starbucks,0.0
64167,Starbucks,0.0
62234,Starbucks,0.0
49068,Starbucks,0.0
76875,Starbucks,0.0
67796,Starbucks,0.0
66943,Starbucks,0.0
117679,Starbucks,0.123456790123457
78516,Starbucks,0.116536534203473
121250,Starbucks,0.0
87563,Starbucks,0.0
87037,Starbucks,0.0
90606,Starbucks,0.173280194073817
109815,Starbucks,0.141462724572075
125737,Starbucks,0.0
124896,Starbucks,0.0
80214,Starbucks,0.0
86576,Starbucks,0.0
88198,Starbucks,0.0
106786,Starbucks,0.0
63487,Starbucks,0.0
84408,Starbucks,0.302206104563312
41971,Starbucks,0.0
51092,Starbucks,0.0
84444,Starbucks,0.0
102375,Starbucks,0.0
78750,Starbucks,0.0
125034,Starbucks,0.0
84135,Starbucks,0.0
70463,Starbucks,0.0
73678,Starbucks,0.0
88148,Starbucks,0.0
102102,Starbucks,0.119033448399
124444,Starbucks,0.0
93050,Starbucks,0.139392249790912
67012,Starbucks,0.0
67831,Starbucks,0.0
64973,Starbucks,0.0
110121,Starbucks,0.27122321670735
90073,Starbucks,0.0
101776,Starbucks,0.0
121000,Starbucks,0.0
104123,Starbucks,0.0
121719,Starbucks,0.0
89688,Starbucks,0.0
107275,Starbucks,0.0
82326,Starbucks,0.166917042230012
94792,Starbucks,0.0
77115,Starbucks,0.0
68772,Starbucks,0.0
110197,Starbucks,0.0
134318,Starbucks,0.0
120750,Starbucks,0.0
96000,Starbucks,0.0
80060,Starbucks,0.0
92159,Starbucks,0.0
97803,Starbucks,0.0
80644,Starbucks,0.0
72170,Starbucks,0.0
61376,Starbucks,0.0
38989,Starbucks,0.0
32308,Starbucks,0.0
57028,Starbucks,0.0
37183,Starbucks,0.0
45693,Starbucks,0.0
81964,Starbucks,0.0
58958,Starbucks,0.0
31205,Starbucks,0.0
12490,Starbucks,0.0
50588,Starbucks,0.0
69100,Starbucks,0.0
39162,Starbucks,0.0
51219,Starbucks,0.0
69565,Starbucks,0.0
41776,Starbucks,0.0
43672,Starbucks,0.0
36062,Starbucks,0.0
74396,Starbucks,0.0
68438,Starbucks,0.32520325203252
86250,Starbucks,0.152881822351322
63003,Starbucks,0.0
91019,Starbucks,0.0
84881,Starbucks,0.0
74423,Starbucks,0.0
57037,Starbucks,0.0
84436,Starbucks,0.0
93848,Starbucks,0.0
93281,Starbucks,0.0
76771,Starbucks,0.0
98333,Starbucks,0.0
90518,Starbucks,0.0
102583,Starbucks,0.0
71844,Starbucks,0.0
75461,Starbucks,0.0
103265,Starbucks,0.0
70508,Starbucks,0.0
120612,Starbucks,0.0
NA,Starbucks,0.0
69917,Starbucks,0.0
54669,Starbucks,0.524246395806029
49856,Starbucks,0.0
51065,Starbucks,0.0
90296,Starbucks,0.0
53891,Starbucks,0.0
80208,Starbucks,0.153350713080816
89656,Starbucks,0.0
86250,Starbucks,0.0
85921,Starbucks,0.0
91613,Starbucks,0.0
101974,Starbucks,0.0
65727,Starbucks,0.0
94205,Starbucks,0.0
109063,Starbucks,0.0
94688,Starbucks,0.0
100159,Starbucks,0.0
76324,Starbucks,0.0
76648,Starbucks,0.0
60076,Starbucks,0.0
94505,Starbucks,0.0
90288,Starbucks,0.0
64339,Starbucks,0.0
71205,Starbucks,0.13846579894766
59375,Starbucks,0.0
55383,Starbucks,0.0
60000,Starbucks,0.0
78216,Starbucks,0.0
76607,Starbucks,0.0
42981,Starbucks,0.0
53015,Starbucks,0.306372549019608
65446,Starbucks,0.0
52083,Starbucks,0.0
78250,Starbucks,0.0
70362,Starbucks,0.0
37819,Starbucks,0.0
54186,Starbucks,0.0
36667,Starbucks,0.17905102954342
44167,Starbucks,0.0
35962,Starbucks,0.0
53796,Starbucks,0.0
26165,Starbucks,0.0
40565,Starbucks,0.0
21219,Starbucks,0.0
49417,Starbucks,0.0
31198,Starbucks,0.0
31683,Starbucks,0.0
28690,Starbucks,0.269978401727862
47204,Starbucks,0.0
32228,Starbucks,0.0
29821,Starbucks,0.0
33359,Starbucks,0.576701268742791
17009,Starbucks,0.0
20172,Starbucks,0.0
13488,Starbucks,0.171998624011008
65000,Starbucks,0.0
40771,Starbucks,0.0
85726,Starbucks,0.0
99307,Starbucks,0.0
111923,Starbucks,0.82203041512536
125417,Starbucks,0.0
102773,Starbucks,0.0
99456,Starbucks,0.727978645959719
75197,Starbucks,0.255885363357216
106630,Starbucks,0.0
81680,Starbucks,0.0
85119,Starbucks,0.0
68350,Starbucks,0.0
72554,Starbucks,0.0
100278,Starbucks,1.65107319757843
67367,Starbucks,0.0
103250,Starbucks,0.0
124622,Starbucks,0.0
47527,Starbucks,0.0
116830,Starbucks,0.0
57569,Starbucks,0.398089171974522
136875,Starbucks,0.0
54159,Starbucks,0.0
42763,Starbucks,0.0
52448,Starbucks,0.0
15054,Starbucks,0.0
53065,Starbucks,0.0
47869,Starbucks,0.0
46429,Starbucks,0.0
55125,Starbucks,0.0
62570,Starbucks,0.0
52170,Starbucks,0.214822771213749
47813,Starbucks,0.0
61016,Starbucks,0.0
94526,Starbucks,0.0
97305,Starbucks,0.0
83015,Starbucks,0.0
95085,Starbucks,0.0
99563,Starbucks,0.0
110109,Starbucks,0.788022064617809
16964,Starbucks,0.0
90761,Starbucks,0.0
27292,Starbucks,0.0
16710,Starbucks,0.0
82244,Starbucks,0.0
90268,Starbucks,1.6366612111293
19532,Starbucks,0.183150183150183
122540,Starbucks,0.0
13693,Starbucks,0.0
97500,Starbucks,0.0
105391,Starbucks,0.0
76765,Starbucks,0.0
96155,Starbucks,0.0
71000,Starbucks,0.0
42551,Starbucks,0.248508946322068
44239,Starbucks,0.0
27318,Starbucks,0.0
22332,Starbucks,0.0
19034,Starbucks,0.0
19311,Starbucks,0.0
16832,Starbucks,0.241662638956017
24903,Starbucks,0.0
51583,Starbucks,0.0
22170,Starbucks,0.213492741246798
53497,Starbucks,0.0
20741,Starbucks,0.0
21634,Starbucks,0.0
43688,Starbucks,0.0
32524,Starbucks,0.0
27787,Starbucks,0.0
25852,Starbucks,0.0
30985,Starbucks,0.0
26276,Starbucks,0.0
16599,Starbucks,0.0
31778,Starbucks,0.0
23067,Starbucks,0.0
24271,Starbucks,0.0
35125,Starbucks,0.0
40250,Starbucks,0.0
51667,Starbucks,0.219925225423356
24726,Starbucks,0.0
66250,Starbucks,0.0
61506,Starbucks,0.0
70798,Starbucks,0.0
34922,Starbucks,0.0
33242,Starbucks,0.0
44536,Starbucks,0.0
38342,Starbucks,0.0
47571,Starbucks,0.0
40000,Starbucks,0.0
39464,Starbucks,0.0
44028,Starbucks,0.0
50690,Starbucks,0.0
66198,Starbucks,0.0
36917,Starbucks,0.0
30360,Starbucks,0.0
28671,Starbucks,0.0
36762,Starbucks,0.0
48320,Starbucks,0.0
52485,Starbucks,0.0
49510,Starbucks,0.0
58426,Starbucks,0.0
76553,Starbucks,0.0
71367,Starbucks,0.0
65762,Starbucks,0.0
53517,Starbucks,0.0
46733,Starbucks,0.0
27715,Starbucks,0.0
59277,Starbucks,0.0
36000,Starbucks,0.0
68429,Starbucks,0.0
46341,Starbucks,0.0
74469,Starbucks,0.0
60095,Starbucks,0.0
67031,Starbucks,0.0
84020,Starbucks,0.0
77083,Starbucks,0.0
95556,Starbucks,0.0
81076,Starbucks,0.0
129875,Starbucks,0.668449197860963
71477,Starbucks,0.0
155417,Starbucks,0.0
54513,Starbucks,0.0
76375,Starbucks,0.0
80513,Starbucks,0.0
65712,Starbucks,0.0
100599,Starbucks,0.0
82321,Starbucks,0.0
80923,Starbucks,0.0
103476,Starbucks,0.198059021588433
112262,Starbucks,0.0
71875,Starbucks,0.0
72564,Starbucks,0.0
40968,Starbucks,0.0
63607,Starbucks,0.0
65375,Starbucks,0.0
30625,Starbucks,0.0
63621,Starbucks,0.0
76976,Starbucks,0.0
71570,Starbucks,0.0
50703,Starbucks,0.0
58690,Starbucks,0.0
53485,Starbucks,0.0
52268,Starbucks,0.0
61124,Starbucks,0.0
38429,Starbucks,0.352360817477097
35308,Starbucks,0.0
57344,Starbucks,0.0
48324,Starbucks,0.0
50829,Starbucks,0.0
51075,Starbucks,0.0
48892,Starbucks,0.0
58945,Starbucks,0.0
47642,Starbucks,0.0
47604,Starbucks,0.0
55217,Starbucks,0.0
56136,Starbucks,0.0
41023,Starbucks,0.0
42500,Starbucks,0.0
50139,Starbucks,0.0
58620,Starbucks,0.0
60081,Starbucks,0.0
91625,Starbucks,0.0
82361,Starbucks,0.0
60645,Starbucks,0.0
79722,Dunkin Donuts,0.0
70571,Dunkin Donuts,0.0
121607,Dunkin Donuts,0.0
114769,Dunkin Donuts,0.250062515628907
72042,Dunkin Donuts,0.18491124260355
126840,Dunkin Donuts,0.355492356914326
103542,Dunkin Donuts,0.148809523809524
101118,Dunkin Donuts,0.0
89934,Dunkin Donuts,0.0
90703,Dunkin Donuts,0.0
82361,Dunkin Donuts,0.32488628979857
70308,Dunkin Donuts,0.304785126485828
94340,Dunkin Donuts,0.90702947845805
75967,Dunkin Donuts,0.219611288020204
49067,Dunkin Donuts,0.150330727600722
77441,Dunkin Donuts,0.133564845732603
71116,Dunkin Donuts,0.549450549450549
36619,Dunkin Donuts,0.244678248103744
42487,Dunkin Donuts,0.255623721881391
29688,Dunkin Donuts,0.640888698995941
40424,Dunkin Donuts,0.0
63603,Dunkin Donuts,0.0
31969,Dunkin Donuts,0.223763705526964
58618,Dunkin Donuts,0.296779937676213
85152,Dunkin Donuts,0.285551113649343
85326,Dunkin Donuts,0.13941168269901
84423,Dunkin Donuts,0.154035736290819
87596,Dunkin Donuts,0.4
87962,Dunkin Donuts,0.505433409148345
60380,Dunkin Donuts,0.364298724954463
54133,Dunkin Donuts,0.0
113658,Dunkin Donuts,0.0
84757,Dunkin Donuts,0.0
72250,Dunkin Donuts,0.403307118370639
61855,Dunkin Donuts,0.472869133467313
75587,Dunkin Donuts,0.141462724572075
71007,Dunkin Donuts,0.18037518037518
32396,Dunkin Donuts,0.0
56402,Dunkin Donuts,0.40453074433657
47882,Dunkin Donuts,0.241021932995903
78488,Dunkin Donuts,0.156568028808517
63586,Dunkin Donuts,0.0
85152,Dunkin Donuts,0.14808233377758
68705,Dunkin Donuts,0.677690431011114
78047,Dunkin Donuts,0.18925056775170301
88956,Dunkin Donuts,0.154846701765252
41057,Dunkin Donuts,0.66949341664807
23275,Dunkin Donuts,0.0
33715,Dunkin Donuts,0.0
31941,Dunkin Donuts,0.353481795687522
31375,Dunkin Donuts,0.217912399215515
32676,Dunkin Donuts,0.0
52525,Dunkin Donuts,0.0
37940,Dunkin Donuts,0.77780658542909
25247,Dunkin Donuts,0.0
18337,Dunkin Donuts,0.0
14540,Dunkin Donuts,0.932400932400932
28362,Dunkin Donuts,0.893655049151028
22547,Dunkin Donuts,0.0
25347,Dunkin Donuts,0.413223140495868
30368,Dunkin Donuts,0.0
51220,Dunkin Donuts,0.0
49375,Dunkin Donuts,0.0
45560,Dunkin Donuts,0.0
30069,Dunkin Donuts,0.483558994197292
29375,Dunkin Donuts,0.337040781934614
38906,Dunkin Donuts,0.0
41171,Dunkin Donuts,0.0
75083,Dunkin Donuts,0.0
41958,Dunkin Donuts,0.315258511979823
64130,Dunkin Donuts,0.661521499448732
80536,Dunkin Donuts,0.165562913907285
86442,Dunkin Donuts,0.198846689202625
57790,Dunkin Donuts,0.417072153482552
71553,Dunkin Donuts,0.22237046920169
74826,Dunkin Donuts,0.0
84113,Dunkin Donuts,0.677277345072807
74904,Dunkin Donuts,0.13319126265317
90417,Dunkin Donuts,0.0
93750,Dunkin Donuts,0.0
65944,Dunkin Donuts,0.167084377610693
45735,Dunkin Donuts,0.209643605870021
48138,Dunkin Donuts,0.318066157760814
45128,Dunkin Donuts,0.45662100456621
50034,Dunkin Donuts,0.291375291375291
37832,Dunkin Donuts,0.0
38497,Dunkin Donuts,0.326477309826967
22688,Dunkin Donuts,0.0
34844,Dunkin Donuts,0.0
26492,Dunkin Donuts,0.0
21775,Dunkin Donuts,0.347463516330785
39750,Dunkin Donuts,0.335683115139308
57632,Dunkin Donuts,0.816548720740337
23477,Dunkin Donuts,0.241254523522316
32765,Dunkin Donuts,0.420344682639765
26989,Dunkin Donuts,0.0
38970,Dunkin Donuts,0.0
34902,Dunkin Donuts,0.0
50709,Dunkin Donuts,0.0
20845,Dunkin Donuts,0.0
13750,Dunkin Donuts,1.17508813160987
27772,Dunkin Donuts,0.0
33841,Dunkin Donuts,0.0
48636,Dunkin Donuts,0.0
63897,Dunkin Donuts,0.0
36159,Dunkin Donuts,0.0
25313,Dunkin Donuts,0.411184210526316
26623,Dunkin Donuts,0.0
26802,Dunkin Donuts,0.0
22704,Dunkin Donuts,0.284414106939704
55200,Dunkin Donuts,0.0
57270,Dunkin Donuts,0.800640512409928
84630,Dunkin Donuts,0.0
57337,Dunkin Donuts,0.189609404626469
77917,Dunkin Donuts,0.0
61538,Dunkin Donuts,0.192049164586134
93934,Dunkin Donuts,0.0
83393,Dunkin Donuts,0.0
62135,Dunkin Donuts,0.599700149925038
69942,Dunkin Donuts,0.0
38958,Dunkin Donuts,0.215146299483649
60153,Dunkin Donuts,0.301386377335744
67588,Dunkin Donuts,0.0
78319,Dunkin Donuts,0.0
135976,Dunkin Donuts,0.53041018387553
65083,Dunkin Donuts,0.289771080846132
107353,Dunkin Donuts,0.0
71447,Dunkin Donuts,0.17247326664367
128095,Dunkin Donuts,0.0
118482,Dunkin Donuts,0.0
99848,Dunkin Donuts,0.0
81520,Dunkin Donuts,0.0
84583,Dunkin Donuts,0.0
57443,Dunkin Donuts,0.0
71698,Dunkin Donuts,0.198098256735341
44222,Dunkin Donuts,0.193798449612403
41659,Dunkin Donuts,0.258732212160414
65000,Dunkin Donuts,0.0
71556,Dunkin Donuts,0.332778702163062
52292,Dunkin Donuts,0.418322526668061
53325,Dunkin Donuts,0.155183116076971
63333,Dunkin Donuts,0.352236703064459
82353,Dunkin Donuts,0.195007800312012
59441,Dunkin Donuts,0.359582883854729
87159,Dunkin Donuts,0.0
96905,Dunkin Donuts,0.2050020500205
48772,Dunkin Donuts,0.0
36830,Dunkin Donuts,0.256410256410256
70143,Dunkin Donuts,0.0
54132,Dunkin Donuts,0.0
61310,Dunkin Donuts,0.0
35060,Dunkin Donuts,0.0
25298,Dunkin Donuts,0.0
36934,Dunkin Donuts,0.0
53462,Dunkin Donuts,0.0
54171,Dunkin Donuts,0.0
44938,Dunkin Donuts,0.0
42542,Dunkin Donuts,0.241021932995903
35493,Dunkin Donuts,0.0
21038,Dunkin Donuts,0.296120817293456
26589,Dunkin Donuts,0.0
19708,Dunkin Donuts,0.936768149882904
37284,Dunkin Donuts,0.0
26092,Dunkin Donuts,0.0
80357,Dunkin Donuts,0.192012288786482
71538,Dunkin Donuts,0.286368843069874
71231,Dunkin Donuts,0.189358076121947
75547,Dunkin Donuts,0.137042620254899
89000,Dunkin Donuts,0.820883270398949
108867,Dunkin Donuts,0.159464200287036
121127,Dunkin Donuts,0.0
89914,Dunkin Donuts,0.0
100298,Dunkin Donuts,0.374181478016838
54012,Dunkin Donuts,0.364564345607
71150,Dunkin Donuts,0.0
82509,Dunkin Donuts,0.153397760392698
57431,Dunkin Donuts,0.0
48006,Dunkin Donuts,0.0
33458,Dunkin Donuts,0.0
59844,Dunkin Donuts,0.0
65761,Dunkin Donuts,0.252397778899546
67194,Dunkin Donuts,0.645161290322581
93984,Dunkin Donuts,0.0
76906,Dunkin Donuts,0.279798545047566
79879,Dunkin Donuts,0.491320013101867
105646,Dunkin Donuts,0.431359861964844
127813,Dunkin Donuts,0.0
121157,Dunkin Donuts,0.159083678014636
119688,Dunkin Donuts,0.197005516154452
100559,Dunkin Donuts,0.0
116875,Dunkin Donuts,0.0
90677,Dunkin Donuts,0.52096900234436
69702,Dunkin Donuts,0.0
95000,Dunkin Donuts,0.0
55242,Dunkin Donuts,0.45766590389016
53301,Dunkin Donuts,0.19047619047619
71675,Dunkin Donuts,0.0
92191,Dunkin Donuts,0.228258388495777
89313,Dunkin Donuts,0.190585096245474
75270,Dunkin Donuts,0.0
60250,Dunkin Donuts,0.332005312084993
86424,Dunkin Donuts,0.0
67670,Dunkin Donuts,0.218197687104517
50026,Dunkin Donuts,0.0
35594,Dunkin Donuts,1.06913756236636
44115,Dunkin Donuts,0.0
44360,Dunkin Donuts,0.469483568075117
79196,Dunkin Donuts,0.0
84509,Dunkin Donuts,0.564971751412429
69357,Dunkin Donuts,0.245037980887037
89185,Dunkin Donuts,0.279329608938547
64080,Dunkin Donuts,0.0
59571,Dunkin Donuts,0.273897562311695
101167,Dunkin Donuts,0.0
17269,Dunkin Donuts,0.408496732026144
58500,Dunkin Donuts,0.0
39125,Dunkin Donuts,0.439753737906772
20146,Dunkin Donuts,0.0
34422,Dunkin Donuts,0.0
53269,Dunkin Donuts,0.0
33333,Dunkin Donuts,0.0
34111,Dunkin Donuts,0.153256704980843
23587,Dunkin Donuts,0.0
26696,Dunkin Donuts,0.0
17785,Dunkin Donuts,0.0
19020,Dunkin Donuts,0.0
26605,Dunkin Donuts,0.0
33667,Dunkin Donuts,0.0
34060,Dunkin Donuts,0.306795520785397
29815,Dunkin Donuts,0.170648464163823
42609,Dunkin Donuts,0.518672199170125
67294,Dunkin Donuts,0.0
62083,Dunkin Donuts,0.290528762347472
109470,Dunkin Donuts,0.243605359317905
76786,Dunkin Donuts,0.0
93393,Dunkin Donuts,0.0
41835,Dunkin Donuts,0.151080223598731
40463,Dunkin Donuts,0.238265427686443
70395,Dunkin Donuts,0.254777070063694
63704,Dunkin Donuts,0.219298245614035
71780,Dunkin Donuts,0.135648399348888
96250,Dunkin Donuts,0.230096640589047
79805,Dunkin Donuts,0.0
69292,Dunkin Donuts,0.185219485089831
71050,Dunkin Donuts,0.691802144586648
72371,Dunkin Donuts,0.15220700152207
144762,Dunkin Donuts,0.24090580582992
148245,Dunkin Donuts,0.357845768473788
149632,Dunkin Donuts,0.0
90739,Dunkin Donuts,0.157828282828283
68906,Dunkin Donuts,0.199720391451967
163125,Dunkin Donuts,0.0
146643,Dunkin Donuts,0.0
126667,Dunkin Donuts,0.296208530805687
144932,Dunkin Donuts,0.440205429200293
163750,Dunkin Donuts,0.0
33542,Dunkin Donuts,0.174581005586592
36866,Dunkin Donuts,0.0
76031,Dunkin Donuts,0.223964165733483
93354,Dunkin Donuts,0.354107648725212
78580,Dunkin Donuts,0.258397932816537
90517,Dunkin Donuts,0.0
82892,Dunkin Donuts,0.241896468311563
49210,Dunkin Donuts,0.0
56544,Dunkin Donuts,0.0
35871,Dunkin Donuts,0.0
53750,Dunkin Donuts,0.206440957886045
72222,Dunkin Donuts,0.527148128624143
83188,Dunkin Donuts,0.0
67873,Dunkin Donuts,0.0
80508,Dunkin Donuts,0.152998776009792
122969,Dunkin Donuts,0.0
92898,Dunkin Donuts,0.0
100260,Dunkin Donuts,0.0
112218,Dunkin Donuts,0.220458553791887
90243,Dunkin Donuts,0.0
77321,Dunkin Donuts,0.0
66442,Dunkin Donuts,0.558035714285714
70220,Dunkin Donuts,0.0
74318,Dunkin Donuts,0.0
78894,Dunkin Donuts,0.425441395447777
127212,Dunkin Donuts,0.0
79879,Dunkin Donuts,0.317863954227591
56786,Dunkin Donuts,0.243724104313917
90500,Dunkin Donuts,0.212901852246115
95827,Dunkin Donuts,0.0
85994,Dunkin Donuts,0.166805671392827
83917,Dunkin Donuts,0.0
74006,Dunkin Donuts,0.0
96290,Dunkin Donuts,0.194476857253987
34431,Dunkin Donuts,0.391926317852244
57953,Dunkin Donuts,0.143905597927759
45648,Dunkin Donuts,0.170532060027285
34015,Dunkin Donuts,0.0
51651,Dunkin Donuts,0.298151460942159
66221,Dunkin Donuts,0.0
50083,Dunkin Donuts,0.363372093023256
37344,Dunkin Donuts,0.0
42841,Dunkin Donuts,0.39984006397441
43787,Dunkin Donuts,0.0
49399,Dunkin Donuts,0.0
47888,Dunkin Donuts,0.158378207158695
61111,Dunkin Donuts,0.0
71809,Dunkin Donuts,0.189465706707086
53004,Dunkin Donuts,0.203832042397065
37377,Dunkin Donuts,0.0
25255,Dunkin Donuts,0.437445319335083
42426,Dunkin Donuts,0.0
46228,Dunkin Donuts,0.0
64500,Dunkin Donuts,0.220458553791887
57708,Dunkin Donuts,0.205676676264912
37525,Dunkin Donuts,0.0
69583,Dunkin Donuts,0.0
71146,Dunkin Donuts,0.0
109615,Dunkin Donuts,0.342172797262618
85905,Dunkin Donuts,0.166057788110262
74568,Dunkin Donuts,0.17223561832587
73022,Dunkin Donuts,0.0
71136,Dunkin Donuts,0.178762960314623
79387,Dunkin Donuts,0.117536436295252
127935,Dunkin Donuts,0.0
101389,Dunkin Donuts,0.319131961065901
87480,Dunkin Donuts,0.261574679571018
66711,Dunkin Donuts,0.0
108295,Dunkin Donuts,0.341646737273659
99875,Dunkin Donuts,0.0
80638,Dunkin Donuts,0.133351113481798
93798,Dunkin Donuts,0.0
96150,Dunkin Donuts,0.0
101587,Dunkin Donuts,0.0
112426,Dunkin Donuts,0.2255299954894
74330,Dunkin Donuts,0.247127146917089
88906,Dunkin Donuts,0.15617679212869
99863,Dunkin Donuts,0.305483427524057
90298,Dunkin Donuts,0.164446637066272
89241,Dunkin Donuts,0.0
128108,Dunkin Donuts,0.0
116800,Dunkin Donuts,0.0
119075,Dunkin Donuts,0.0
86729,Dunkin Donuts,0.474270808631729
77120,Dunkin Donuts,0.0
69440,Dunkin Donuts,0.182982616651418
115082,Dunkin Donuts,0.148257968865827
107000,Dunkin Donuts,0.24919013207077
148770,Dunkin Donuts,0.0
149353,Dunkin Donuts,0.48828125
129596,Dunkin Donuts,0.0
114667,Dunkin Donuts,0.0
131643,Dunkin Donuts,0.13401232913428
79630,Dunkin Donuts,0.141984949595343
64122,Dunkin Donuts,0.304599451720987
55455,Dunkin Donuts,0.0
94141,Dunkin Donuts,0.0
84010,Dunkin Donuts,0.0
66319,Dunkin Donuts,0.0
108008,Dunkin Donuts,0.0
72529,Dunkin Donuts,0.0
63456,Dunkin Donuts,0.0
77600,Dunkin Donuts,0.0
131500,Dunkin Donuts,0.29235491887151
104674,Dunkin Donuts,0.431685732786531
116290,Dunkin Donuts,0.2210433244916
67110,Dunkin Donuts,0.129600829445308
106968,Dunkin Donuts,0.244857982370225
118005,Dunkin Donuts,0.144654997830175
79871,Dunkin Donuts,0.0
73750,Dunkin Donuts,0.238777459407832
85240,Dunkin Donuts,0.0
116125,Dunkin Donuts,0.303122158229767
138458,Dunkin Donuts,0.1232741617357
96161,Dunkin Donuts,0.28022978842651
92300,Dunkin Donuts,0.292997363023733
91970,Dunkin Donuts,0.566411781365052
104398,Dunkin Donuts,0.382043935052531
115169,Dunkin Donuts,0.0
118843,Dunkin Donuts,0.333778371161549
85442,Dunkin Donuts,0.237840409085504
95057,Dunkin Donuts,0.146886016451234
99926,Dunkin Donuts,0.753579502637528
82237,Dunkin Donuts,0.249469876512411
67639,Dunkin Donuts,0.0
77148,Dunkin Donuts,0.495785820525533
80180,Dunkin Donuts,0.161498708010336
84449,Dunkin Donuts,0.392310710082385
56250,Dunkin Donuts,0.0
81694,Dunkin Donuts,0.420050406048726
105427,Dunkin Donuts,0.141282848262221
102692,Dunkin Donuts,0.257532835436518
114375,Dunkin Donuts,0.0
85909,Dunkin Donuts,0.310752019888129
86316,Dunkin Donuts,0.178731009830206
86205,Dunkin Donuts,0.0
73643,Dunkin Donuts,0.240038406144983
78200,Dunkin Donuts,0.194212468440474
93269,Dunkin Donuts,0.0
80478,Dunkin Donuts,0.179275726066691
123469,Dunkin Donuts,0.0
94912,Dunkin Donuts,0.0
66917,Dunkin Donuts,0.0
76370,Dunkin Donuts,0.0
84196,Dunkin Donuts,0.0
94398,Dunkin Donuts,0.40908161178155
56528,Dunkin Donuts,0.3269042170644
69670,Dunkin Donuts,0.407166123778502
85028,Dunkin Donuts,0.184026499815973
160370,Dunkin Donuts,0.0
89595,Dunkin Donuts,0.251130085384229
123083,Dunkin Donuts,0.0
174464,Dunkin Donuts,0.0
168466,Dunkin Donuts,0.167000668002672
59775,Dunkin Donuts,0.164826108455579
99196,Dunkin Donuts,0.0
74250,Dunkin Donuts,0.338868180277872
63227,Dunkin Donuts,0.0
75962,Dunkin Donuts,0.344827586206897
81250,Dunkin Donuts,0.0
62793,Dunkin Donuts,0.0
83886,Dunkin Donuts,0.209951711106446
61705,Dunkin Donuts,0.476077124494168
62361,Dunkin Donuts,0.191277735271614
54700,Dunkin Donuts,0.378501135503407
98750,Dunkin Donuts,0.0
82009,Dunkin Donuts,0.0
47017,Dunkin Donuts,0.0
53937,Dunkin Donuts,0.0
42675,Dunkin Donuts,0.362450163102573
57126,Dunkin Donuts,0.168463611859838
59683,Dunkin Donuts,0.0
53986,Dunkin Donuts,0.0
66750,Dunkin Donuts,0.0
36157,Dunkin Donuts,0.155908949173683
56929,Dunkin Donuts,0.657894736842105
66180,Dunkin Donuts,0.123823675086677
49353,Dunkin Donuts,0.0
32989,Dunkin Donuts,0.542740841248304
52542,Dunkin Donuts,0.0
55795,Dunkin Donuts,0.0
65938,Dunkin Donuts,0.0
46164,Dunkin Donuts,0.293987946494194
45871,Dunkin Donuts,0.0
48493,Dunkin Donuts,0.0
76094,Dunkin Donuts,0.761614623000762
40825,Dunkin Donuts,0.132837407013815
68500,Dunkin Donuts,0.164419598816179
76467,Dunkin Donuts,0.401284109149278
84688,Dunkin Donuts,0.0
92614,Dunkin Donuts,0.651041666666667
85000,Dunkin Donuts,0.0
58226,Dunkin Donuts,0.146177459435755
94569,Dunkin Donuts,0.0
105000,Dunkin Donuts,0.295770482105886
75526,Dunkin Donuts,0.0
74875,Dunkin Donuts,0.343583576705033
76818,Dunkin Donuts,0.0
64216,Dunkin Donuts,0.0
57978,Dunkin Donuts,0.0
53618,Dunkin Donuts,0.0
50508,Dunkin Donuts,0.0
49384,Dunkin Donuts,1.14591291061879
65711,Dunkin Donuts,0.0
102704,Dunkin Donuts,0.773993808049536
35862,Dunkin Donuts,0.0
83980,Dunkin Donuts,0.0
36842,Dunkin Donuts,1.001001001001
87852,Dunkin Donuts,0.0
59676,Dunkin Donuts,0.0
40750,Dunkin Donuts,0.442282176028306
100125,Dunkin Donuts,0.0
79844,Dunkin Donuts,0.0
56742,Dunkin Donuts,0.287521564117309
70549,Dunkin Donuts,0.0
77935,Dunkin Donuts,0.212224108658744
71125,Dunkin Donuts,0.0
89837,Dunkin Donuts,0.0
70833,Dunkin Donuts,0.328083989501312
91801,Dunkin Donuts,0.0
89167,Dunkin Donuts,0.0
51955,Dunkin Donuts,0.356379187455453
69727,Dunkin Donuts,0.211685012701101
49915,Dunkin Donuts,0.0
69858,Dunkin Donuts,0.0
115000,Dunkin Donuts,0.376506024096386
153125,Dunkin Donuts,0.0
63940,Dunkin Donuts,0.0
111033,Dunkin Donuts,0.0
83458,Dunkin Donuts,0.0
82655,Dunkin Donuts,0.393855848759354
111094,Dunkin Donuts,0.39032006245121
106250,Dunkin Donuts,0.0
43375,Dunkin Donuts,0.168435236651508
76742,Dunkin Donuts,0.342231348391513
116094,Dunkin Donuts,0.0
70132,Dunkin Donuts,0.199044585987261
113381,Dunkin Donuts,0.142369020501139
98961,Dunkin Donuts,0.0
84291,Dunkin Donuts,0.0
110816,Dunkin Donuts,0.237812128418549
79825,Dunkin Donuts,0.157977883096367
89315,Dunkin Donuts,0.0
104306,Dunkin Donuts,0.0
162786,Dunkin Donuts,0.0
101719,Dunkin Donuts,0.0
118920,Dunkin Donuts,0.0
90238,Dunkin Donuts,0.0
69098,Dunkin Donuts,0.0
78490,Dunkin Donuts,0.54421768707483
141071,Dunkin Donuts,0.0
147298,Dunkin Donuts,0.196463654223969
137692,Dunkin Donuts,0.17286084701815
121336,Dunkin Donuts,0.789265982636148
132829,Dunkin Donuts,0.190294957183635
136637,Dunkin Donuts,0.0
150664,Dunkin Donuts,0.0
102356,Dunkin Donuts,0.150966183574879
129500,Dunkin Donuts,0.139586823003908
79063,Dunkin Donuts,0.551267916207277
143897,Dunkin Donuts,0.0
130060,Dunkin Donuts,0.338409475465313
118015,Dunkin Donuts,0.143020594965675
158203,Dunkin Donuts,0.16857720836143
157500,Dunkin Donuts,0.0
96450,Dunkin Donuts,0.3385240352065
126546,Dunkin Donuts,0.0
131774,Dunkin Donuts,0.321130378933847
146389,Dunkin Donuts,0.0
130134,Dunkin Donuts,0.273074822501365
77188,Dunkin Donuts,0.0
79688,Dunkin Donuts,0.197083169097359
177107,Dunkin Donuts,0.0
165500,Dunkin Donuts,0.171909919202338
146250,Dunkin Donuts,0.0
104375,Dunkin Donuts,0.215470803706098
200278,Dunkin Donuts,0.0
155885,Dunkin Donuts,0.0
180972,Dunkin Donuts,0.0
226181,Dunkin Donuts,0.13014055179594
85840,Dunkin Donuts,0.173130193905817
102292,Dunkin Donuts,0.0
93333,Dunkin Donuts,0.234852043212776
60056,Dunkin Donuts,0.360620266858997
73482,Dunkin Donuts,0.0
55385,Dunkin Donuts,0.353356890459364
70379,Dunkin Donuts,0.0
54667,Dunkin Donuts,0.0
59545,Dunkin Donuts,0.213447171824973
82798,Dunkin Donuts,0.134462821029985
51364,Dunkin Donuts,0.0
76250,Dunkin Donuts,0.0
95320,Dunkin Donuts,0.205803663305207
91042,Dunkin Donuts,0.0
81307,Dunkin Donuts,0.136407038603192
102538,Dunkin Donuts,0.0
95000,Dunkin Donuts,0.0
74021,Dunkin Donuts,0.190367409099562
87423,Dunkin Donuts,0.188679245283019
76821,Dunkin Donuts,0.212314225053079
78023,Dunkin Donuts,0.448430493273543
89063,Dunkin Donuts,0.372300819061802
89267,Dunkin Donuts,0.0
166375,Dunkin Donuts,0.0
176042,Dunkin Donuts,0.147383935151069
167305,Dunkin Donuts,0.0
98646,Dunkin Donuts,0.0
175370,Dunkin Donuts,0.0
116489,Dunkin Donuts,0.0
85906,Dunkin Donuts,0.443262411347518
150806,Dunkin Donuts,0.22883295194508
184625,Dunkin Donuts,0.0
203380,Dunkin Donuts,0.0
128523,Dunkin Donuts,0.0
107672,Dunkin Donuts,0.0
105990,Dunkin Donuts,0.0
123472,Dunkin Donuts,0.0
107571,Dunkin Donuts,0.204206657137023
107359,Dunkin Donuts,0.188182160331201
114396,Dunkin Donuts,0.0
73750,Dunkin Donuts,0.0
82535,Dunkin Donuts,0.435540069686411
69801,Dunkin Donuts,0.0
102434,Dunkin Donuts,0.225631768953069
31250,Dunkin Donuts,0.0
31580,Dunkin Donuts,0.0
61092,Dunkin Donuts,0.0
52930,Dunkin Donuts,0.328299409061064
50738,Dunkin Donuts,0.18308311973636
46058,Dunkin Donuts,0.0
73919,Dunkin Donuts,0.246426811237063
71275,Dunkin Donuts,0.48480930833872
74741,Dunkin Donuts,0.0
84688,Dunkin Donuts,0.0
90801,Dunkin Donuts,0.0
126272,Dunkin Donuts,0.186671644577189
110152,Dunkin Donuts,0.0
79336,Dunkin Donuts,0.164500740253331
107607,Dunkin Donuts,0.154440154440154
56287,Dunkin Donuts,0.0
113818,Dunkin Donuts,0.123992560446373
155564,Dunkin Donuts,0.0
106394,Dunkin Donuts,0.0
95357,Dunkin Donuts,0.174034110685694
119964,Dunkin Donuts,0.0
103996,Dunkin Donuts,0.196001568012544
66453,Dunkin Donuts,0.135062128579146
15848,Dunkin Donuts,0.0
62303,Dunkin Donuts,0.0
67762,Dunkin Donuts,0.179565451607111
115671,Dunkin Donuts,0.0
65859,Dunkin Donuts,0.0
88860,Dunkin Donuts,0.0
100806,Dunkin Donuts,0.0
137688,Dunkin Donuts,0.589622641509434
92321,Dunkin Donuts,0.0
61763,Dunkin Donuts,0.0
72115,Dunkin Donuts,0.319386777387416
163125,Dunkin Donuts,0.0
125685,Dunkin Donuts,0.0
70057,Dunkin Donuts,0.268889486421081
67390,Dunkin Donuts,0.249563264287497
77500,Dunkin Donuts,0.0
101087,Dunkin Donuts,0.0
89853,Dunkin Donuts,0.158654608916389
109695,Dunkin Donuts,0.218579234972678
155987,Dunkin Donuts,0.148170099273967
160726,Dunkin Donuts,0.240442414041837
120000,Dunkin Donuts,0.0
105000,Dunkin Donuts,0.0
151005,Dunkin Donuts,0.478812544888676
185625,Dunkin Donuts,0.0
175625,Dunkin Donuts,0.0
184375,Dunkin Donuts,0.185150897981855
127174,Dunkin Donuts,0.557568999163647
137837,Dunkin Donuts,0.145623998835008
176250,Dunkin Donuts,0.0
130870,Dunkin Donuts,0.177462289263531
147440,Dunkin Donuts,0.151492198151795
96773,Dunkin Donuts,0.124890720619458
112281,Dunkin Donuts,0.0
100000,Dunkin Donuts,0.206825232678387
141591,Dunkin Donuts,0.311720698254364
144292,Dunkin Donuts,0.0
89022,Dunkin Donuts,0.69072699015714
103887,Dunkin Donuts,0.0
85523,Dunkin Donuts,0.150511739915713
93040,Dunkin Donuts,0.0
86125,Dunkin Donuts,0.42170368287883
88846,Dunkin Donuts,0.0
94830,Dunkin Donuts,0.251698968034231
123974,Dunkin Donuts,0.158604282315623
139531,Dunkin Donuts,0.0
133625,Dunkin Donuts,0.60156406657309
75221,Dunkin Donuts,0.166666666666667
65139,Dunkin Donuts,0.167084377610693
99688,Dunkin Donuts,0.0
61892,Dunkin Donuts,0.334672021419009
99539,Dunkin Donuts,0.223763705526964
80427,Dunkin Donuts,0.231267345050879
128980,Dunkin Donuts,0.18772292096865
155957,Dunkin Donuts,0.0
100528,Dunkin Donuts,0.0
97143,Dunkin Donuts,0.0
70698,Dunkin Donuts,0.124146492861577
81810,Dunkin Donuts,0.178571428571429
118125,Dunkin Donuts,0.551876379690949
126481,Dunkin Donuts,0.0
97500,Dunkin Donuts,0.0
105236,Dunkin Donuts,0.0
108333,Dunkin Donuts,0.0
122130,Dunkin Donuts,0.160410651267244
83553,Dunkin Donuts,0.0
60589,Dunkin Donuts,0.371793282934688
85661,Dunkin Donuts,0.344589937973811
93400,Dunkin Donuts,0.43308791684712
71589,Dunkin Donuts,0.0
65375,Dunkin Donuts,0.0
63005,Dunkin Donuts,0.0
53750,Dunkin Donuts,0.199123855037834
51732,Dunkin Donuts,0.923020121838656
77667,Dunkin Donuts,0.0
76213,Dunkin Donuts,0.208159866777685
23288,Dunkin Donuts,0.0
42593,Dunkin Donuts,0.155448468832582
55968,Dunkin Donuts,0.0
71142,Dunkin Donuts,0.298240381747689
80100,Dunkin Donuts,0.0
53775,Dunkin Donuts,0.458085203847916
63778,Dunkin Donuts,0.204876049989756
61146,Dunkin Donuts,0.0
75893,Dunkin Donuts,0.1478633742422
94826,Dunkin Donuts,0.535809966065369
87167,Dunkin Donuts,0.0
61339,Dunkin Donuts,0.253936008125952
81534,Dunkin Donuts,0.290275761973875
100703,Dunkin Donuts,0.0
92560,Dunkin Donuts,0.0
80000,Dunkin Donuts,0.271444082519001
93284,Dunkin Donuts,0.68870523415978
63119,Dunkin Donuts,0.249781441238916
50231,Dunkin Donuts,0.0
70431,Dunkin Donuts,0.0
57151,Dunkin Donuts,0.152439024390244
62976,Dunkin Donuts,0.0
53359,Dunkin Donuts,0.0
79041,Dunkin Donuts,0.358937544867193
87475,Dunkin Donuts,0.0
69498,Dunkin Donuts,0.0
95365,Dunkin Donuts,0.0
69624,Dunkin Donuts,0.0
64167,Dunkin Donuts,0.39714058776807
62234,Dunkin Donuts,0.0
49068,Dunkin Donuts,0.0
76875,Dunkin Donuts,0.143698807299899
67796,Dunkin Donuts,0.282805429864253
66943,Dunkin Donuts,0.254129606099111
117679,Dunkin Donuts,0.246913580246914
78516,Dunkin Donuts,0.349609602610418
121250,Dunkin Donuts,0.347342827370615
87563,Dunkin Donuts,0.0
87037,Dunkin Donuts,0.223763705526964
90606,Dunkin Donuts,0.0
109815,Dunkin Donuts,0.141462724572075
125737,Dunkin Donuts,0.0
124896,Dunkin Donuts,0.0
80214,Dunkin Donuts,0.239377618192699
86576,Dunkin Donuts,0.129332643559234
88198,Dunkin Donuts,0.226449275362319
106786,Dunkin Donuts,0.0
63487,Dunkin Donuts,0.0
84408,Dunkin Donuts,0.906618313689937
41971,Dunkin Donuts,0.0
51092,Dunkin Donuts,0.193610842207164
84444,Dunkin Donuts,0.357015351660121
102375,Dunkin Donuts,0.0
78750,Dunkin Donuts,0.678579506898892
125034,Dunkin Donuts,0.174246384387524
84135,Dunkin Donuts,0.0
70463,Dunkin Donuts,0.0
73678,Dunkin Donuts,0.481463649494463
88148,Dunkin Donuts,0.0
102102,Dunkin Donuts,0.119033448399
124444,Dunkin Donuts,0.0
93050,Dunkin Donuts,0.139392249790912
67012,Dunkin Donuts,0.163238654913484
67831,Dunkin Donuts,0.177462289263531
64973,Dunkin Donuts,0.341588385994876
110121,Dunkin Donuts,0.5424464334147
90073,Dunkin Donuts,0.148235991698784
101776,Dunkin Donuts,0.181028240405503
121000,Dunkin Donuts,0.195045835771406
104123,Dunkin Donuts,0.0
121719,Dunkin Donuts,0.0
89688,Dunkin Donuts,0.296428042092782
107275,Dunkin Donuts,0.0
82326,Dunkin Donuts,0.166917042230012
94792,Dunkin Donuts,0.0
77115,Dunkin Donuts,0.404776361060514
68772,Dunkin Donuts,0.0
110197,Dunkin Donuts,0.0
134318,Dunkin Donuts,0.225733634311512
120750,Dunkin Donuts,0.0
96000,Dunkin Donuts,0.296164667555161
80060,Dunkin Donuts,0.0
92159,Dunkin Donuts,0.163105529277443
97803,Dunkin Donuts,0.303306035790112
80644,Dunkin Donuts,0.479846449136276
72170,Dunkin Donuts,0.0
61376,Dunkin Donuts,0.142348754448399
38989,Dunkin Donuts,0.24931438544004
32308,Dunkin Donuts,0.0
57028,Dunkin Donuts,0.323624595469256
37183,Dunkin Donuts,0.0
45693,Dunkin Donuts,0.240731824747232
81964,Dunkin Donuts,0.0
58958,Dunkin Donuts,0.548747027620267
31205,Dunkin Donuts,0.0
12490,Dunkin Donuts,0.872219799389446
50588,Dunkin Donuts,0.0
69100,Dunkin Donuts,0.0
39162,Dunkin Donuts,0.0
51219,Dunkin Donuts,0.0
69565,Dunkin Donuts,0.0
41776,Dunkin Donuts,0.246184145741014
43672,Dunkin Donuts,0.0
36062,Dunkin Donuts,0.0
74396,Dunkin Donuts,0.223463687150838
68438,Dunkin Donuts,0.650406504065041
86250,Dunkin Donuts,0.152881822351322
63003,Dunkin Donuts,0.26567481402763
91019,Dunkin Donuts,0.173130193905817
84881,Dunkin Donuts,0.228414801279123
74423,Dunkin Donuts,0.294985250737463
57037,Dunkin Donuts,0.3385240352065
84436,Dunkin Donuts,0.0
93848,Dunkin Donuts,0.210970464135021
93281,Dunkin Donuts,0.358680057388809
76771,Dunkin Donuts,0.0
98333,Dunkin Donuts,0.334560053529609
90518,Dunkin Donuts,0.12809017548354
102583,Dunkin Donuts,0.662910175671197
71844,Dunkin Donuts,0.252270433905146
75461,Dunkin Donuts,0.606520090978014
103265,Dunkin Donuts,0.162100826714216
70508,Dunkin Donuts,0.0
120612,Dunkin Donuts,0.0
NA,Dunkin Donuts,0.0
69917,Dunkin Donuts,0.131078778345786
54669,Dunkin Donuts,0.786369593709043
49856,Dunkin Donuts,0.266880170803309
51065,Dunkin Donuts,0.508517670989067
90296,Dunkin Donuts,0.0
53891,Dunkin Donuts,0.361729064930367
80208,Dunkin Donuts,0.153350713080816
89656,Dunkin Donuts,0.0
86250,Dunkin Donuts,0.0
85921,Dunkin Donuts,0.0
91613,Dunkin Donuts,0.0
101974,Dunkin Donuts,0.218102508178844
65727,Dunkin Donuts,0.0
94205,Dunkin Donuts,0.0
109063,Dunkin Donuts,0.237586124970302
94688,Dunkin Donuts,0.0
100159,Dunkin Donuts,0.132819763580821
76324,Dunkin Donuts,0.0
76648,Dunkin Donuts,0.162680982593135
60076,Dunkin Donuts,0.269106566200215
94505,Dunkin Donuts,0.0
90288,Dunkin Donuts,0.177841010136938
64339,Dunkin Donuts,0.0
71205,Dunkin Donuts,0.41539739684298
59375,Dunkin Donuts,0.351246926589392
55383,Dunkin Donuts,0.0
60000,Dunkin Donuts,0.182381907714755
78216,Dunkin Donuts,0.162919517758227
76607,Dunkin Donuts,0.202634245187437
42981,Dunkin Donuts,0.734214390602056
53015,Dunkin Donuts,0.306372549019608
65446,Dunkin Donuts,0.0
52083,Dunkin Donuts,0.0
78250,Dunkin Donuts,0.0
70362,Dunkin Donuts,0.374111485222596
37819,Dunkin Donuts,0.0
54186,Dunkin Donuts,0.0
36667,Dunkin Donuts,0.17905102954342
44167,Dunkin Donuts,0.0
35962,Dunkin Donuts,0.0
53796,Dunkin Donuts,0.629128656810318
26165,Dunkin Donuts,0.0
40565,Dunkin Donuts,0.0
21219,Dunkin Donuts,0.0
49417,Dunkin Donuts,0.0
31198,Dunkin Donuts,0.138274336283186
31683,Dunkin Donuts,0.0
28690,Dunkin Donuts,0.0
47204,Dunkin Donuts,0.0
32228,Dunkin Donuts,0.0
29821,Dunkin Donuts,0.0
33359,Dunkin Donuts,0.192233756247597
17009,Dunkin Donuts,0.0
20172,Dunkin Donuts,0.0
13488,Dunkin Donuts,0.171998624011008
65000,Dunkin Donuts,0.0
40771,Dunkin Donuts,0.0
85726,Dunkin Donuts,0.0
99307,Dunkin Donuts,0.0
111923,Dunkin Donuts,0.0
125417,Dunkin Donuts,0.0
102773,Dunkin Donuts,0.0
99456,Dunkin Donuts,0.0
75197,Dunkin Donuts,0.0
106630,Dunkin Donuts,0.0
81680,Dunkin Donuts,0.936329588014981
85119,Dunkin Donuts,0.286779466590192
68350,Dunkin Donuts,0.0
72554,Dunkin Donuts,0.0
100278,Dunkin Donuts,1.284168042561
67367,Dunkin Donuts,0.0
103250,Dunkin Donuts,0.0
124622,Dunkin Donuts,0.0
47527,Dunkin Donuts,0.0
116830,Dunkin Donuts,0.0
57569,Dunkin Donuts,0.398089171974522
136875,Dunkin Donuts,0.348432055749129
54159,Dunkin Donuts,0.239808153477218
42763,Dunkin Donuts,0.0
52448,Dunkin Donuts,0.182748538011696
15054,Dunkin Donuts,0.0
53065,Dunkin Donuts,0.399201596806387
47869,Dunkin Donuts,0.0
46429,Dunkin Donuts,0.0
55125,Dunkin Donuts,0.0
62570,Dunkin Donuts,0.0
52170,Dunkin Donuts,0.0
47813,Dunkin Donuts,0.156592546194801
61016,Dunkin Donuts,0.0
94526,Dunkin Donuts,0.0
97305,Dunkin Donuts,0.0
83015,Dunkin Donuts,0.0
95085,Dunkin Donuts,0.0
99563,Dunkin Donuts,0.262743037309511
110109,Dunkin Donuts,1.18203309692671
16964,Dunkin Donuts,0.0
90761,Dunkin Donuts,0.0
27292,Dunkin Donuts,0.0
16710,Dunkin Donuts,0.0
82244,Dunkin Donuts,0.578536303153023
90268,Dunkin Donuts,1.6366612111293
19532,Dunkin Donuts,0.549450549450549
122540,Dunkin Donuts,0.0
13693,Dunkin Donuts,0.0
97500,Dunkin Donuts,0.0
105391,Dunkin Donuts,0.0
76765,Dunkin Donuts,0.0
96155,Dunkin Donuts,0.0
71000,Dunkin Donuts,0.31201248049922
42551,Dunkin Donuts,0.497017892644135
44239,Dunkin Donuts,0.0
27318,Dunkin Donuts,0.349162011173184
22332,Dunkin Donuts,0.0
19034,Dunkin Donuts,0.0
19311,Dunkin Donuts,0.0
16832,Dunkin Donuts,0.483325277912035
24903,Dunkin Donuts,0.500250125062531
51583,Dunkin Donuts,0.266666666666667
22170,Dunkin Donuts,0.213492741246798
53497,Dunkin Donuts,0.0
20741,Dunkin Donuts,0.283446712018141
21634,Dunkin Donuts,0.179597701149425
43688,Dunkin Donuts,0.0
32524,Dunkin Donuts,0.0
27787,Dunkin Donuts,0.0
25852,Dunkin Donuts,0.0
30985,Dunkin Donuts,0.0
26276,Dunkin Donuts,0.0
16599,Dunkin Donuts,0.0
31778,Dunkin Donuts,0.0
23067,Dunkin Donuts,0.395882818685669
24271,Dunkin Donuts,0.0
35125,Dunkin Donuts,0.0
40250,Dunkin Donuts,0.0
51667,Dunkin Donuts,0.659775676270068
24726,Dunkin Donuts,0.0
66250,Dunkin Donuts,0.319081046585833
61506,Dunkin Donuts,0.0
70798,Dunkin Donuts,0.0
34922,Dunkin Donuts,0.0
33242,Dunkin Donuts,0.0
44536,Dunkin Donuts,0.0
38342,Dunkin Donuts,0.0
47571,Dunkin Donuts,0.0
40000,Dunkin Donuts,0.0
39464,Dunkin Donuts,0.0
44028,Dunkin Donuts,0.0
50690,Dunkin Donuts,0.148500148500149
66198,Dunkin Donuts,0.0
36917,Dunkin Donuts,0.0
30360,Dunkin Donuts,0.0
28671,Dunkin Donuts,0.0
36762,Dunkin Donuts,0.0
48320,Dunkin Donuts,0.0
52485,Dunkin Donuts,0.208203206329377
49510,Dunkin Donuts,0.0
58426,Dunkin Donuts,0.0
76553,Dunkin Donuts,0.978952520802741
71367,Dunkin Donuts,0.223763705526964
65762,Dunkin Donuts,0.313479623824451
53517,Dunkin Donuts,0.0
46733,Dunkin Donuts,0.0
27715,Dunkin Donuts,0.208289939595918
59277,Dunkin Donuts,0.0
36000,Dunkin Donuts,0.0
68429,Dunkin Donuts,0.160590974787217
46341,Dunkin Donuts,0.0
74469,Dunkin Donuts,0.394944707740916
60095,Dunkin Donuts,0.0
67031,Dunkin Donuts,0.0
84020,Dunkin Donuts,0.0
77083,Dunkin Donuts,0.0
95556,Dunkin Donuts,0.0
81076,Dunkin Donuts,0.189071658158442
129875,Dunkin Donuts,0.668449197860963
71477,Dunkin Donuts,0.0
155417,Dunkin Donuts,0.0
54513,Dunkin Donuts,0.0
76375,Dunkin Donuts,0.0
80513,Dunkin Donuts,0.156543519098309
65712,Dunkin Donuts,0.0
100599,Dunkin Donuts,0.0
82321,Dunkin Donuts,0.0
80923,Dunkin Donuts,0.0
103476,Dunkin Donuts,0.198059021588433
112262,Dunkin Donuts,0.0
71875,Dunkin Donuts,0.587084148727984
72564,Dunkin Donuts,0.30229746070133
40968,Dunkin Donuts,0.0
63607,Dunkin Donuts,0.0
65375,Dunkin Donuts,0.24443901246639
30625,Dunkin Donuts,0.547645125958379
63621,Dunkin Donuts,0.0
76976,Dunkin Donuts,0.413223140495868
71570,Dunkin Donuts,0.0
50703,Dunkin Donuts,0.157654106889484
58690,Dunkin Donuts,0.0
53485,Dunkin Donuts,0.0
52268,Dunkin Donuts,0.0
61124,Dunkin Donuts,0.0
38429,Dunkin Donuts,1.7618040873854801
35308,Dunkin Donuts,0.0
57344,Dunkin Donuts,0.43878894251864897
48324,Dunkin Donuts,0.0
50829,Dunkin Donuts,0.223164472216023
51075,Dunkin Donuts,0.0
48892,Dunkin Donuts,0.0
58945,Dunkin Donuts,0.329815303430079
47642,Dunkin Donuts,0.363834818992178
47604,Dunkin Donuts,0.280112044817927
55217,Dunkin Donuts,0.326690623979092
56136,Dunkin Donuts,0.344530577088717
41023,Dunkin Donuts,0.472813238770686
42500,Dunkin Donuts,0.312695434646654
50139,Dunkin Donuts,0.0
58620,Dunkin Donuts,0.205803663305207
60081,Dunkin Donuts,0.253292806484296
91625,Dunkin Donuts,0.0
82361,Dunkin Donuts,0.0
60645,Dunkin Donuts,0.0
